snapshot,referrer,views,unique_views
2026-09-19,github.com,462,103
2026-09-19,pimpinpumpkin.github.io,394,223
2026-09-19,Google,338,124
2026-09-19,DuckDuckGo,107,58
2026-09-19,reddit.com,92,52
2026-09-19,search.brave.com,63,38
2026-09-19,youtube.com,58,20
2026-09-19,com.reddit.frontpage,41,29
2026-09-19,ecosia.org,28,14
2026-09-19,anabaptistcodeblocks.com,12,7
{"message":"Resource not accessible by integration","documentation_url":"https://docs.github.com/rest/metrics/traffic#get-top-referral-sources","status":"403"}